CSD Identifier,Density,Largest Cavity Diameter,Molecular Formula,Pore-Limiting Diameter,Space Group,Surface Area,Volume Fraction,Metals,Correlated Molecules
ACODED,1.13147,6.08481,(C21 H13 Cu1 O7 P1)n,3.78801,Pbcn,879.864,0.53896,Cu,None
ADUROI,0.416307,25.6667,(C21 H15 N3 O7 Zn1)n,13.8678,Fd-3c,3285.0,0.82962,Zn,{'DIDBID'}
AFEBAQ,1.3708,4.24945,(C14 H20 N2 O7 Zn1)n,3.74244,P21/c,206.628,0.4514,Zn,{'DISRUU'}
AFULAP,0.952497,6.04998,(C25 Cr1 Mn1 N1 O12 1-)n,4.94263,P63,2689.5,0.69498,Cr Mn,"{'ALHSCU', 'LEQRUV'}"
AGAWUA,1.17874,6.47499,(C13 H17 N1 O7 Zn1)n,5.14929,P21/n,992.687,0.56188,Zn,{'OCUPUY'}
AJIJIN,0.826502,5.35579,(C9 H9 N7 Ni1 O3)n,4.68519,P21/c,2156.83,0.68392,Ni,None
ALHSCU,1.3296,4.17352,(C9 H16 Cu1 N4 O5)n,3.74327,P21,243.286,0.46904,Cu,"{'VACFUB', 'FECPIM', 'NUMVIA'}"
ATOTIM,0.861632,13.96867,(C16 H10 O10 V2)n,13.69556,Cmcm,1505.72,0.68178,V,"{'OQETEK', 'DIDBID', 'DOQSAF', 'GAXKUN', 'XICNOO', 'QUQPOI', 'ICALOP', 'OHAGAH', 'SARBOE', 'SAMLAV02', 'PURQOJ', 'IDIWOH01', 'ZECKID', 'IDIWOH', 'CORZOA', 'PIHQUU01', 'OWITIY', 'DUKYIT'}"
BARXIC,1.35044,4.39877,(C14 H16 Fe1 N2 O8)n,4.12107,C2/c,311.717,0.4352,Fe,None
BEPLUF,1.04465,9.83528,(C10 H12 N2 O4 Zn1)n,9.74472,P61,953.227,0.58736,Zn,{'EYOPUE'}
BEPMAM,1.05853,9.64975,(C10 H14 N2 O5 Zn1)n,9.56872,P61,918.43,0.58176,Zn,None
BEPNIV,1.10994,8.14408,(C11 H17 N2 O6 Zn1)n,8.04135,P61,707.094,0.55122,Zn,"{'DOQSAF', 'PUBDUN', 'TAMHUM', 'FAZPED', 'LUKGOP', 'WOWNED', 'EQEREY', 'FINJIX', 'OPOBIF', 'ECAHIB', 'CEYPUT', 'ELIKEQ', 'PIHQUU01', 'VOFYAS', 'COSMII', 'PIHREF'}"
BEPNOB,1.05484,9.65894,(C10 H15 N2 O6 Zn1)n,9.5581,P61,908.207,0.58224,Zn,None
BEPPAP,1.03173,9.89385,(C9 H15 Cl1 N2 O4 Zn1)n,9.77943,P61,1036.4,0.60892,Zn,{'LOJLAZ01'}
BEPPOD,1.11995,9.61884,(C12 H19 N2 O6 Zn1)n,9.49812,P61,796.458,0.53618,Zn,{'WOWNED'}
BEWSAY,0.84668,10.02152,C14 H13 N2 Ni1 O5,8.19038,I4132,1464.61,0.60982,Ni,{'LUKGOP'}
BEYLAU,1.82645,5.92121,(C18 H12 N2 O9 S1 U1)n,5.17275,P-1,867.339,0.5744,U,{'WAGDEP'}
BEYSEF,1.17979,5.61729,(C11 H16 Co1 N6 O3)n,4.74796,I41/a,1006.97,0.54778,Co,{'NIMTEI'}
BOKXOP,1.12898,5.30718,(C14 H10 N2 O4 S2 Zn1)n,3.88329,C2/c,835.111,0.54792,Zn,"{'PITYUN01', 'PITYUN04', 'NILPEF'}"
BOLFUE,1.22404,6.00742,(C19 H23 N1 O2 S2 Sn1)n,4.26878,P21/c,714.107,0.5327,Sn,"{'CUQKIK', 'IBICIH'}"
BUKMUQ,1.17323,4.81228,(C15 H21 N3 O6 Zn1)n,4.25094,P212121,729.147,0.53178,Zn,"{'MIJSEF', 'FAZPED'}"
BUKMUQ01,1.17612,4.70243,(C14.555 H21 N2.555 O6 Zn1)n,4.05671,P212121,717.79,0.52924,Zn,{'EWIHIC'}
BUYYEA,0.718184,6.17771,(C14 H23 Fe1 N4 O9 1+)n,4.65987,P6422,3860.63,0.7147,Fe,{'VUKFEN'}
BUYYIE,0.749235,6.18839,(C14 H23 N4 O9 Zn1 1+)n,4.66311,P6422,3723.7,0.71864,Zn,"{'BUYYEA', 'VUKFEN'}"
CAYBAH,1.49426,5.32532,(C12 H12 Cu3 N18)n,4.06583,I41/amd,428.368,0.50228,Cu,{'NEFZOO'}
CAYDEN,1.50882,5.04608,(C6 H10 Cu1 N8 O2)n,4.89052,P41,316.361,0.46054,Cu,{'CAYDOX02'}
CAYDIR,1.49623,5.11412,(C6 H10 Cu1 N8 O2)n,4.93798,P43,326.455,0.46456,Cu,"{'CAYDOX', 'CAYDOX02'}"
CAYDOX,1.49012,5.14892,(C6 H8 Cu1 N8 O1)n,4.98559,P41,359.048,0.46764,Cu,None
CAYDOX01,1.4827,5.1864,(C6 H8 Cu1 N8 O1)n,5.02601,P41,376.609,0.46914,Cu,None
CAYDOX02,1.49169,5.16234,(C6 H8 Cu1 N8 O1)n,5.00326,P41,359.022,0.4668,Cu,"{'CAYGIU', 'CAYDOX03'}"
CAYDOX03,1.483,5.18598,(C6 H8 Cu1 N8 O1)n,5.02281,P41,376.813,0.46988,Cu,"{'CAYDOX01', 'CAYGIU'}"
CAYDOX04,1.4815,5.14847,(C6 H8 Cu1 N8 O1)n,4.99439,P41,375.149,0.46774,Cu,{'CAYDOX01'}
CAYGIU,1.48759,5.16264,(C6 H8 Cu1 N8 O1)n,4.99038,P43,356.212,0.46744,Cu,"{'CAYDOX02', 'CAYDOX03'}"
CEYPUT,1.20669,5.35866,(C15 H15 Co1 N3 O5)n,3.84973,Pn,542.248,0.51508,Co,"{'MUBREI', 'LOMFEY', 'FAZPED'}"
CEYPUT01,1.22825,5.3037,(C15 H15 Co1 N3 O5)n,3.76544,Pn,527.923,0.5021,Co,{'LOMFEY'}
CEYQIG,1.47553,4.97869,(C10 H12 N4 O8 Zn1)n,4.16653,Pccn,237.266,0.41546,Zn,None
CICYUJ,1.32995,5.43437,(C14 H16 Cl2 Co1 N4 O3)n,5.23352,Pnna,429.047,0.44614,Co,{'IBICUT'}
CITHOD,0.980847,6.70278,(C16 H12 Cd2 N8 O2 S4)n,6.17091,P-1,2048.34,0.66942,Cd,{'NILPEF'}
CITJEV,1.97914,5.78352,(C10 H20 Cu3 N3 S7 W1)n,4.27306,P21/c,849.794,0.60372,Cu W,{'DANQEO'}
COHVOM,1.68316,4.73223,(C12 H16 Br2 N2 O5 Zn1)n,3.82217,Cc,183.661,0.4591,Zn,{'NILPEF'}
COHVOM01,1.68196,4.72776,(C12 H16 Br2 N2 O5 Zn1)n,3.83021,Cc,195.688,0.46018,Zn,{'NILPEF'}
COJGAJ,1.43032,4.29863,(C11 H15 Cu1 N3 O6)n,3.80736,P21/c,257.223,0.45042,Cu,{'POKBOH'}
COJGAJ02,1.46019,4.26159,(C11 H15 Cu1 N3 O6)n,3.79954,P21/c,231.927,0.43734,Cu,{'JOWDOO'}
COJGAJ03,1.43009,4.23568,(C11 H15 Cu1 N3 O6)n,3.74655,P21/c,223.734,0.44864,Cu,{'LOMFEY'}
CORZOA,0.744735,11.06918,(C12 H6 Cl1 In1 N2 O4)n,6.46655,Pa-3,3337.76,0.75462,In,"{'FUDGOC', 'RUHFUX'}"
COSMII,1.25324,8.74899,(C14 H10.5 In1 N3.5 O8)n,7.45483,R3c,751.859,0.53854,In,"{'OQETEK', 'DOQSAF', 'DOGTOJ', 'PITYUN02', 'NARMOK', 'OPOBIF', 'FAPTIB', 'OHAGAH', 'LUMDIG', 'PURQOJ', 'ELIKEQ', 'RIWBOP', 'BEPNIV', 'VOFYAS', 'ATOTIM', 'PITYUN'}"
CUFYUZ,1.23059,10.81056,(C21 H11 O8 U1)n,8.67674,P-62c,1208.47,0.62468,U,None
CUMLUT,1.28583,5.63779,(C11 H13 Cd1 N1 O7)n,3.90273,P21/n,1052.04,0.5932,Cd,None
CUQKIK,1.95658,4.89569,(C13 H16 F1 N1 O8 P2 U1)n,3.91237,P-1,451.054,0.54484,U,"{'WAGDEP', 'BEYLAU', 'MUBREI', 'EWIHIC', 'BUKMUQ01', 'XEJVOZ', 'RERQEM'}"
DANQEO,1.61607,5.80123,(C14 H20 Bi1 N1 S10)n,3.99742,Pna21,637.204,0.5661,Bi,None
DAPGEG,0.787831,5.42947,(C8 H10 Mn2 N12 O5)n,4.82994,P21/n,1811.16,0.67558,Mn,{'RERQEM'}
DAPGEG01,0.784496,5.47301,(C8 H10 Mn2 N12 O5)n,4.86836,P21/n,1825.69,0.68672,Mn,{'DEZKAW'}
DARYEB,1.37522,5.22125,(C12 H14 Cd1 N4 O5)n,4.01737,P21,545.786,0.5124,Cd,"{'LUMDIG', 'BOLFUE', 'RERQEM', 'LUKGOP'}"
DEGJEG,1.67649,4.71897,(C6 H4 Cu1 N5)n,4.01774,P21/c,300.199,0.41848,Cu,{'WUFFOT'}
DEYDOA,1.27058,4.42418,(C10 H16 Cd1 N6 Ni1)n,4.12009,P2/m,656.243,0.53436,Cd Ni,{'PANDOX'}
DEYNIG,2.48251,4.62925,(C10 H10 Cu3 I2 N4 O7)n,3.72224,Pbcn,15.6116,0.3916,Cu,"{'LUMDIG', 'NUMVIA', 'WUFFOT'}"
DEZKAW,0.973007,8.1301,(C10.5 H10.5 Mn1 N7.5 O1.5)n,3.73515,I41/a,1367.91,0.61538,Mn,"{'XUTGEA', 'HUXDIN'}"
DIDBID,0.925299,9.14672,(C24 H16 Co1 N2 O4)n,5.87566,P4212,1451.62,0.5921,Co,"{'MIYGUX', 'SIXFIQ'}"
DISRUU,1.31138,6.41124,(C16 H15 Ag1 F3 N3 O6 S1)n,3.98364,I41/a,532.466,0.48676,Ag,"{'ADUROI', 'MIYGUX', 'SAQYEO01', 'ELIKEQ', 'AFEBAQ', 'VOFXUL', 'VOFYAS', 'QOLWIZ'}"
DITYIQ,1.2019,7.65957,(C6 H11 Br2 Cu1 N8 O5 1-)n,5.06893,R-3,973.402,0.57362,Cu,{'BEPNOB'}
DIZDAT,1.7579,5.73784,(C14.5 H16 N6 O4.5 Pb1 S1)n,4.25533,C2/c,479.577,0.43766,Pb,"{'VANWIS', 'RERQEM', 'LOMFEY', 'WUFFOT'}"
DOGTOJ,1.17465,4.3297,(C9 H20 Br1 Mn2 N5 O5)n,3.72334,P21/c,162.689,0.53522,Mn,"{'EBEMOO', 'TAMHUM', 'MADWEU'}"
DOKDEN,0.712154,15.12915,(C16 H15 Cu1 N1 O5)n,13.44362,R-3,2337.0,0.70864,Cu,{'DOGTOJ'}
DOQSAF,1.06476,7.31017,(C18 H9 Mn2 O10 1-)n,4.69116,C2/c,1466.51,0.58784,Mn,"{'DOGTOJ', 'PUBDUN', 'OQETEK', 'PITYUN02', 'LUKGOP', 'SADMOB', 'DUGFAO', 'FINJIX', 'FAPTIB', 'KIQKEA', 'DOKDEN', 'TEQTAM', 'ELIKEQ', 'COSMII', 'KIQKAW', 'BEPNIV', 'VOFYAS', 'ATOTIM', 'NEVVIU'}"
DOSREJ,1.4783,4.37317,(C22 H19 Ag1 F3 N2 O2 P1)n,3.75252,P21/c,123.169,0.4281,Ag,"{'FIFNUE', 'AFEBAQ'}"
DOTHUR,1.08076,5.18847,(C18 H18 N4 O4 Zn1)n,4.25076,P3212,830.224,0.567,Zn,None
DUBXAA,1.75265,5.41,(C17 H14 Ag2 N2 O8)n,4.91071,P-1,486.91,0.53308,Ag,{'WOWNED'}
DUGFAO,1.19117,5.29331,(C16 H10.5 N2 O4.25 S1 Zn1)n,4.03957,P21/c,579.849,0.5321,Zn,"{'IXOFOR', 'DOQSAF', 'SETQAL', 'JUMCUR', 'WOBHOM'}"
DUKQAC,1.18602,5.28855,(C22 H18 Ag1 N2 O6 1-)n,4.02717,P-1,1231.16,0.59154,Ag,None
DUKQAC01,1.18592,5.30649,(C22 H18 Ag1 N2 O6 1-)n,4.04452,P-1,1157.8,0.59676,Ag,{'DUKQAC'}
DUKQAC02,1.18983,5.29812,(C22 H18 Ag1 N2 O6 1-)n,4.03519,P-1,1134.89,0.59618,Ag,"{'DUKQAC01', 'DUKQAC'}"
DUKYIT,0.853005,9.87171,(C16 H16 Co1 N4)n,8.59773,P42/nnm,1729.85,0.6275,Co,None
DUMJAY,1.05528,5.10817,(C15 H15 Cd1 N11)n,4.02387,Pbcm,1187.23,0.65266,Cd,None
DUMXUG,1.77106,4.69637,(C12 H8 Dy1 N3 O9)n,3.79204,P21/c,208.302,0.44488,Dy,"{'OQETEK', 'DOQSAF', 'MUBREI', 'FAZPED', 'KABVOA', 'XEJVOZ'}"
EBEMOO,1.59218,4.87658,(C16 H10 Cd1 N6 O4)n,3.74362,C2/c,224.276,0.42066,Cd,"{'HURHAE01', 'FIFPAM01'}"
EBEWIT,1.62261,6.07189,(C9 H5 Gd1 O7)n,5.61928,P4322,718.852,0.54478,Gd,{'ELIKEQ'}
EBEWOZ,1.6291,6.97041,(C9 H3 Gd1 O6)n,6.59786,P4122,849.172,0.55954,Gd,{'ICALOP'}
EBEWOZ01,1.62762,6.98007,(C9 H3 Gd1 O6)n,6.59754,P4322,827.987,0.56018,Gd,{'ICALOP'}
ECAHIB,1.34205,6.60223,(C18 H16 Cu1 N2 O4)n,4.44878,R-3,486.71,0.46906,Cu,None
ECOLEP,0.505682,10.1554,C5 H1 Co1 N6 O3,9.86806,P4132,4462.84,0.81464,Co,"{'OWITIY', 'FUDGOC'}"
EDOHAG,1.14346,4.8365,(C17 H15 Ag1 N2 O3 S3)n,3.97241,P21/n,1295.48,0.60806,Ag,{'COJGAJ'}
ELIKAM,1.60576,5.04335,(C15 H13 O10 Pr1)n,3.82798,P-1,311.498,0.44974,Pr,{'DOQSAF'}
ELIKEQ,1.62098,4.99766,(C15 H13 Nd1 O10)n,3.80728,P-1,308.265,0.45212,Nd,"{'FAZPED', 'LUKGOP', 'WUFFOT', 'DUMXUG', 'DIZDAT', 'VOFXUL', 'PITYUN04', 'COSMII', 'PIHREF', 'IBICUT'}"
ELIKOA,1.66859,4.97213,(C15 H13 Eu1 O10)n,3.73339,P-1,289.725,0.44774,Eu,{'DOQSAF'}
EQEREY,1.08432,6.75324,(C15 H14 Co1 N6 O2)n,5.16391,I41/a,1239.28,0.54712,Co,{'FAZPED'}
EWIHIC,1.48396,4.35121,(C14 H22 Cd1 N8 O4)n,3.74792,P21/n,217.213,0.47776,Cd,"{'CUQKIK', 'WEYPUN'}"
EYOPUE,1.19679,6.4627,(C22 H18 Cd1 N4 O4)n,5.69688,P4212,503.237,0.52592,Cd,"{'DOQSAF', 'ATOTIM'}"
EYOQAL,1.1423,6.13557,(C22 H18 Co1 N4 O4)n,5.84753,P4212,503.735,0.49586,Co,None
EZILUV,0.939039,9.54118,(C15 H7 Cu1 N1 O4)n,3.92954,R-3c,1120.92,0.6298,Cu,"{'ACODED', 'HOYQIX', 'EZIMAC'}"
EZIMAC,0.939752,9.54645,(C15 H7 Cu1 N1 O4)n,3.79759,R-3c,1070.95,0.62914,Cu,"{'HOYQIX', 'EZILUV'}"
EZIMEG,1.07192,9.89327,C20 H5 N4 O12 Zn5,4.06999,R-3m,965.666,0.60854,Zn,{'ATOTIM'}
EZIMIK,1.06853,9.81156,C20 H5 N4 O12 Zn5,3.94505,R-3m,925.03,0.60738,Zn,{'ATOTIM'}
FAMCUT,1.44441,6.27207,(C11 H17 N2 O8 Zn1)n,6.01784,Pnma,458.859,0.4178,Zn,"{'CEYPUT01', 'LUKGOP'}"
FAPTIB,1.03027,7.33485,(C18 H13 Cd1 N3 O4)n,4.33283,P21212,1639.65,0.6074,Cd,"{'OQETEK', 'CEYQIG', 'DUMXUG', 'LUKGOP', 'FAZPED', 'LUMDIG', 'OHAGAH', 'DOTHUR', 'COSMII', 'VOFXUL', 'BEPNIV', 'VOFYAS', 'ATOTIM'}"
FAQBOO,0.921457,6.88943,(C32 Cr1 Mn1 O12 P1 1-)n,5.89135,R3c,2971.96,0.73712,Cr Mn,{'QQQDMP01'}
FAZPED,1.64589,7.63524,(C12 H10 Cl1 Co2 N5 O5)n,5.99328,R-3,398.315,0.40414,Co,"{'DUMXUG', 'WUFFOT', 'LUKGOP', 'WOWNED', 'VUNJEU', 'LICXEC', 'OPOBIF', 'IJACIF', 'FIPWUY', 'VAVKEK', 'ELIKEQ', 'DITYIQ', 'AFEBAQ', 'VOFYAS'}"
FECPIM,0.88332,16.67618,(C9 H13 Cu1 N2 Na1 O8)n,5.17708,P432,1566.42,0.6833,Cu,"{'TUYQAH', 'ALHSCU', 'VISCAB', 'LEQRUV', 'QUQPOI', 'WITKOB', 'FAPTIB', 'REGXOS', 'ATOTIM', 'QUQPIC', 'XIJNUA', 'QOVDEL', 'PITYUN04', 'QUCFIF', 'COSMII'}"
FEJGEH,1.07597,5.09717,(C18 H26 Cl2 N2 Sn1)n,4.30295,P1,819.147,0.55538,Sn,{'DOGTOJ'}
FEKGEI,2.78201,5.62885,(C10 H23 I5 N4 O2 Pb2)n,4.80151,P-1,524.298,0.574,Pb,"{'YAKJUR', 'HEHJAH', 'XICLAY'}"
FIFNUE,1.25954,4.78254,(C12 H20 Co1 N2 O9)n,3.95564,Cc,454.907,0.47124,Co,"{'MIYGUX', 'FAZPED', 'WUFFOT'}"
FIFPAM01,1.28001,4.72304,(C12 H20 N2 Ni1 O9)n,3.78421,Cc,322.945,0.46764,Ni,{'COJGAJ'}
FINJIX,1.28234,5.02975,(C12 H16 Mn1 N2 O7 S1)n,4.09498,C2,426.425,0.46754,Mn,None
FIPWOS,1.29023,5.23532,(C12 H19 N5 O4 Zn1)n,3.80427,P21,421.108,0.50704,Zn,"{'FIPWUY', 'MUBREI', 'FAZPED'}"
FIPWUY,1.32324,4.7795,(C9 H12 N4 O3 Zn1)n,4.23479,P21,469.396,0.49582,Zn,{'FAZPED'}
FOFPEX,0.875524,7.34467,(C14 H11 Fe1 K1 N2 O13 1-)n,6.2487,Ccca,2256.99,0.66332,Fe,None
FOGGIT,1.47056,4.96995,(C10 H12 Co1 N4 O8)n,4.14134,Pccn,261.415,0.40648,Co,{'LOMFIC'}
FUDGOC,0.788793,7.99676,(C16 H6 In1 O9)n,6.51336,Pnma,2832.95,0.7291,In,"{'OQETEK', 'JOXNAN', 'HAWMAT', 'OWITIY', 'VUJLET', 'ECOLEP', 'HIHNUJ', 'ICALOP', 'XICNOO01', 'ITUVOJ', 'OWITUK', 'CORZOA', 'ATOTIM'}"
FUDQIF,1.57387,4.3814,(C8 H8 F6 N4 Si1 Zn1)n,3.86214,P4/mmm,120.653,0.45316,Zn,{'LUKGOP'}
FURQOZ,1.04205,10.44729,(C19 H14 Ag1 F3 N2 O3)n,9.44849,R-3,1413.51,0.63254,Ag,"{'FUSMIQ', 'FUSMEM'}"
FURQOZ01,0.992187,10.85612,(C19 H14 Ag1 F3 N2 O3)n,9.86997,R-3,1535.6,0.65166,Ag,None
FURRAM,1.04916,10.403,(C17 H16 Ag1 F3 N2 O5)n,9.40744,R-3,1390.64,0.62928,Ag,"{'FUSMUC', 'FUSMOW'}"
FURREQ,1.05489,10.33776,(C17 H18 Ag1 F3 N2 O4)n,9.35961,R-3,1366.05,0.6284,Ag,{'FURRAM'}
FURSAN,1.00263,11.85345,(C15 H8 Ag1 F7 N2 O3)n,10.76702,R-3,1424.87,0.64616,Ag,{'FURRAM'}
FUSMEM,1.06882,10.20459,(C17 H16 Ag1 F3 N2 O4)n,9.2057,R-3,1353.99,0.62468,Ag,{'FURQOZ'}
FUSMIQ,1.0407,10.44819,(C17 H18 Ag1 F3 N2 O4)n,9.48819,R-3,1413.49,0.63308,Ag,{'FURQOZ'}
FUSMOW,1.03431,10.54817,(C17 H18 Ag1 F3 N2 O4)n,9.56428,R-3,1426.05,0.63518,Ag,"{'FUSMUC', 'FURQOZ'}"
FUSMUC,1.04415,10.39839,(C14 H9 Ag1 Cl3 F3 N2 O3)n,9.40181,R-3,1406.22,0.63212,Ag,None
FUSNAJ,1.0024,10.8347,(C14 H12 Ag1 F3 N2 O4)n,9.87565,R-3,1495.64,0.6488,Ag,{'FURQOZ01'}
FUSNEN,0.997622,10.85037,(C13 H10 Ag1 F3 N2 O4)n,9.87705,R-3,1517.25,0.65002,Ag,"{'FUSNAJ', 'FURQOZ01'}"
FUTYEA,1.0369,5.60643,(C14.424 H17.56 N1 O6 Zn1)n,4.51732,P21/n,1578.9,0.63906,Zn,{'XAPSIS'}
FUTZEB,1.0782,5.24587,(C17 H18 N2 O6 Zn1)n,4.08263,P21/n,1508.02,0.62306,Zn,"{'FUTYEA', 'WOWNED'}"
FUXCAE,1.45213,4.27599,(C20 H11 Ag1 B1 F4 N3 O2 S3)n,4.01866,P21/n,359.379,0.48186,Ag,{'NUMVIA'}
GALBUS,0.958332,9.07455,(C22 H14 N4 Ni1 O4)n,6.25208,P4212,1396.3,0.59382,Ni,None
GAXKUN,0.895436,7.04027,(C24 H16 Cd1 N2 O4)n,5.8846,Pnna,2191.82,0.6425,Cd,"{'COSMII', 'PITYUN', 'ICALOP'}"
GECXUH,1.30375,5.48425,(C11 H13 N1 O6 Zn1)n,4.91356,P21/n,842.604,0.5344,Zn,{'GECXUH01'}
GECXUH01,1.29584,5.32964,(C11 H13 N1 O6 Zn1)n,4.8042,P21/n,861.822,0.53236,Zn,None
GECXUH03,1.30282,5.47469,(C11 H13 N1 O6 Zn1)n,4.89921,P21/n,855.001,0.5352,Zn,"{'XAPSIS', 'GECXUH01'}"
GIFKAH,1.22735,4.62168,(C10 H16 Cd1 N6 Ni1)n,4.10578,P-1,748.196,0.56056,Cd Ni,{'PUQDIQ'}
GITVIP01,1.15485,17.00716,(C12 H4 Cl8 N8 Zn2)n,5.47286,Pm-3m,997.123,0.63438,Zn,{'SIKGEA'}
GUCXAE,1.07653,6.52988,(C21 H16 Mn1 N4 O6)n,5.48696,C2/c,1116.66,0.53374,Mn,"{'LUMDIG', 'EYOQAL'}"
GUPDEB,0.945473,20.68703,(C6 H6 Cd1 N6 O5)n,7.65392,Im-3m,1548.96,0.71012,Cd,{'YOZBUL'}
HALFAB,1.27568,4.48352,(C16 H17 Cu1 N5 O3)n,3.93786,P21,452.969,0.46864,Cu,{'NOWHIQ'}
HATZOS,1.31771,4.85832,(C12 H8 Ag1 F3 N2 O4 S1)n,4.07746,P41212,523.48,0.53974,Ag,{'WUFFOT'}
HATZOS02,1.31729,4.8576,(C12 H8 Ag1 F3 N2 O4 S1)n,4.0805,P43212,515.776,0.5455,Ag,{'WUFFOT'}
HAWMAT,0.707046,8.18201,C2 Ag3 N4 O5 P2,6.61941,P-1,4252.44,0.82538,Ag,"{'OWITIY', 'ECOLEP', 'FUDGOC'}"
HEHJAH,1.3487,10.91103,(C24 H16 Cu1 I4 N4 Pb1)n,10.65163,P21/c,1604.34,0.83034,Cu Pb,None
HIHNUJ,0.812993,8.1361,(C16 H6 In1 O8)n,7.97253,P43212,2765.12,0.71952,In,{'ITUVOJ'}
HIKMIY,1.36488,4.74046,(C16 H20 N4 O8 Zn1)n,4.18955,P21/c,343.892,0.44406,Zn,{'VUNJEU'}
HISFUM,1.47925,4.53437,(C14 H8 Na2 O6 S1)n,3.81503,P-1,239.372,0.33276,,{'DUMXUG'}
HOYKUD,1.04686,4.88126,(C13 H8 Cu1 N2 O4)n,4.00707,P21/c,1173.64,0.5981,Cu,{'OHAGAH'}
HOYQIX,0.83111,11.66263,(C15 H7 Cu1 O6)n,4.94551,R-3,2580.04,0.6732,Cu,{'FUDGOC'}
HUFHEX,1.02813,8.71568,(C11 H14 Ag1 F6 N4 O1 P1 S1)n,7.8821,R-3,1082.59,0.61836,Ag,{'HUFJAV'}
HUFJAV,1.08278,8.38338,(C11 H14 Ag1 B1 F4 N4 O1 S1)n,7.21377,R-3,888.522,0.60186,Ag,{'PITYUN02'}
HURHAE01,1.3807,4.52567,(C18 H16 Cu1 N2 O5)n,4.16792,P212121,223.475,0.4009,Cu,None
HUVJUD,1.22716,5.79171,(C17 H15 Ag1 F6 N5 P1)n,5.23272,Pbca,775.427,0.53776,Ag,{'FAZPED'}
HUVKAK,1.27711,5.56927,(C17 H15 Ag1 Cl1 N5 O4)n,4.9926,Pbca,659.519,0.52098,Ag,{'WOWNED'}
HUXDIN,1.16176,5.8734,(C8 H8 Ag2 B2 F8 N6 O1)n,5.31541,Pn21a,1398.42,0.68246,Ag,"{'PITYUN02', 'BOKXOP', 'HUFHEX', 'KABVOA', 'ICALOP', 'HUFJAV', 'LUMDIG', 'DEZKAW', 'FUDGOC', 'PIHQUU01', 'PITYUN'}"
IBICAZ,1.0723,10.01104,(C11 H19 Cl1 N2 O4 Zn1)n,9.82853,P61,934.624,0.5652,Zn,"{'IBICIH', 'IBICUT'}"
IBICIH,1.06849,9.98996,(C11 H19 Cl1 N2 O4 Zn1)n,9.85493,P65,920.76,0.56728,Zn,"{'MIJSEF', 'IBICAZ', 'TITBIJ', 'IBICUT'}"
IBICUT,1.06845,10.18242,(C11 H15 Cl1 N2 O2 Zn1)n,10.00016,P61,937.772,0.57188,Zn,{'OQETEK'}
ICALOP,0.796498,7.4896,(C17 H8 In1 O8)n,5.99396,Pnma,2854.9,0.71736,In,"{'OQETEK', 'CUFYUZ', 'GAXKUN', 'OWITIY', 'KABVOA', 'HUXDIN', 'PURQOJ', 'FUDGOC', 'CORZOA', 'ATOTIM'}"
IDIWOH,1.00037,7.67822,(C8 H4 O5 V1)n,7.19096,Pnma,1554.53,0.63236,V,None
IDIWOH01,0.999675,7.67622,(C8 H4 O5 V1)n,7.21038,Pnma,1521.12,0.63088,V,None
IDUPEC,1.33907,5.28039,(C19 H13 Cu1 F3 N3 O5 S1)n,4.87013,P21/c,914.6,0.5088,Cu,None
IJACIF,1.13576,5.49551,(C16 H18 Cu1 F3 N3 O6 S1)n,4.60158,P212121,720.288,0.51964,Cu,"{'URIPIV', 'WESYOJ'}"
ITUVOJ,0.746336,8.76637,(C22 H6 F4 In1 O8 1-)n,5.87332,I41/acd,3509.96,0.74126,In,"{'VUJLET', 'JOXNAN', 'FUDGOC', 'HIHNUJ'}"
IWELOM,1.86496,4.78598,(C10 H10 Co3 N8 O6)n,4.6229,I41/a,211.826,0.41206,Co,{'BEPNIV'}
IWETUZ,1.30107,4.39352,(C16 H13 Ag1 N4 O2)n,3.77222,P21/c,324.004,0.49302,Ag,{'GUCXAE'}
IWEXIS,1.13797,5.65729,(C17 H11 Cu1 N6 O8 1-)n,3.75961,P-1,1123.45,0.5782,Cu,{'LOMFEY'}
IXODUV,1.01181,6.94157,(C14 H12 O5 V1)n,6.48157,P212121,1530.87,0.63194,V,{'IXOFUX'}
IXOFEH,1.02717,7.09586,(C14 H10 O5 V1)n,6.67441,P212121,1393.75,0.62154,V,{'DUGFAO'}
IXOFOR,1.02216,6.5857,(C14 H16 O5 V1)n,6.11142,P212121,1525.68,0.62178,V,None
IXOFUX,1.00152,7.08772,(C14 H14 O5 V1)n,6.60455,P212121,1524.3,0.63454,V,None
IXOFUX01,1.00146,6.87089,(C14 H14 O5 V1)n,6.40003,P212121,1518.69,0.6332,V,"{'DUGFAO', 'IXODUV'}"
JECFON,1.83947,4.32397,(C8 H18 Cd1 O8)n,3.86539,Pccn,75.3658,0.37874,Cd,None
JOWDOO,1.01365,5.09686,(C14 H14 Cl1 Cu1 N4 O6 1+)n,4.43109,Pbca,936.255,0.5785,Cu,None
JOXNAN,1.44309,6.36969,(C14 H6 Cu2 I2 In1 N2 O8)n,5.03456,I-42d,1192.84,0.64356,Cu In,None
JUMCUR,1.03261,6.66564,(C11.684 H12.289 N0.921 O5 S0.921 V1)n,6.12054,P212121,1458.81,0.61508,V,None
JUMDAY,1.0654,6.08117,(C11.592 H11.184 O5.898 S0.898 V1)n,5.71486,P212121,1305.71,0.6051,V,{'DUGFAO'}
JUMDEC,1.03639,6.63074,(C11.948 H11.896 O5 S0.987 V1)n,6.11727,P212121,1452.91,0.61994,V,{'DUGFAO'}
JUZXAD01,1.60781,4.45906,(C12 H16 Cu1 N4 O9 S1)n,4.15528,P212121,190.488,0.39144,Cu,{'ELIKEQ'}
KABVOA,1.30514,5.97528,(C16 H6 Cd2 O14 S2 2-)n,5.00033,P-1,1385.63,0.61558,Cd,"{'OQETEK', 'COSMII', 'ICALOP'}"
KALGOV,1.38065,4.9001,(C10 H16 N2 O13 Zn2)n,3.94215,P-1,713.797,0.59852,Zn,None
KAPHOZ,1.08211,6.14977,(C10 H12 K1 O13 Zn1 1-)n,5.92549,C2/c,1371.8,0.61918,Zn,None
KEFBII,0.806805,8.16445,(C18 H10 O10 Zn2)n,4.94275,P42/nnm,3085.6,0.71072,Zn,"{'OWITIY', 'LUYHAP', 'KEFBOO'}"
KEFBOO,0.805791,11.9843,(C18 H10 O10 Zn2)n,4.68366,R-3m,2719.6,0.72522,Zn,None
KEYFIF,1.63231,5.39696,(C9 H7 Cu1 N1 O3)n,4.89957,R-3,214.08,0.4024,Cu,{'HUXDIN'}
KEYFIF01,1.64247,5.32691,(C9 H7 Cu1 N1 O3)n,4.8394,R-3,191.962,0.39882,Cu,"{'KEYFIF', 'HUXDIN'}"
KINNAY,0.920825,5.60101,(C12 Cu1 F4 N4 1-)n,4.25261,P42/mmc,2727.46,0.6696,Cu,{'OWITIY'}
KINNEC,0.914098,5.62082,(C12 Cu1 F4 N4 1-)n,4.27549,P42/mmc,2776.89,0.67126,Cu,{'OWITIY'}
KIQKAW,1.09474,6.1038,(C18 H12 Cl2 Fe1 N2 O6)n,4.91027,P-1,2013.46,0.6223,Fe,{'DOQSAF'}
KIQKEA,1.11776,5.86528,(C18 H12 Cl2 Co1 N2 O6)n,4.67582,P-1,1914.52,0.61752,Co,None
KOSJIN,1.18636,11.01736,(C8 H3.71 Co2 O6)n,9.7964,R3m,1249.0,0.6352,Co,{'KOSJUZ'}
KOSJOT,1.18127,11.17001,(C8 H4.89 Co2 O6)n,9.86571,R3m,1254.73,0.6352,Co,"{'KOSJUZ', 'KOSKAG'}"
KOSJUZ,1.18131,11.113,(C8 H4.43 Co2 O6)n,9.84676,R3m,1255.93,0.6355,Co,{'KOSLIP'}
KOSKAG,1.17833,11.21054,(C8 H6.08 Co2 O6)n,9.9109,R3m,1255.0,0.63722,Co,None
KOSKEK,1.17891,11.21314,(C8 H6 Co2 O6)n,9.88413,R3m,1264.62,0.63844,Co,"{'KOSKAG', 'KOSJUZ'}"
KOSLIP,1.19778,11.06099,(C8 H4.43 Ni2 O6)n,9.73084,R3m,1250.7,0.6487,Ni,None
KOSLOV,1.19415,11.07843,(C8 H6 Ni2 O6)n,9.94513,R3m,1262.71,0.64988,Ni,{'KOSKAG'}
KUNTAQ02,0.963469,7.32032,(C8 H4 Al1 F1 O4)n,7.01826,Imma,1456.53,0.613,Al,{'ATOTIM'}
KUNTAQ03,0.964346,7.33688,(C8 H4 Al1 F1 O4)n,7.06877,Imma,1436.95,0.61236,Al,{'ATOTIM'}
LAGVAS,1.90306,6.04037,(C9 H17 Cu2 I2 N5 O1)n,5.60126,P21/n,1064.31,0.6393,Cu,None
LAVTAF,1.63889,6.07957,(C9 H5 O7 Tb1)n,5.60954,P4322,682.676,0.54392,Tb,{'YEMJAC'}
LAVTEJ,1.65858,6.08199,(C9 H5 Dy1 O7)n,5.60576,P4322,670.93,0.54324,Dy,"{'YEMJAC', 'LAVTAF'}"
LAVTIN,1.70013,6.04796,(C9 H5 Er1 O7)n,5.56693,P4122,681.106,0.53486,Er,{'LAVTUZ'}
LAVTOT,1.70089,6.06005,(C9 H5 Er1 O7)n,5.57293,P4322,648.12,0.54,Er,"{'LAVTUZ', 'LAVTIN'}"
LAVTUZ,1.74024,6.02919,(C9 H5 O7 Yb1)n,5.55419,P4122,663.053,0.53272,Yb,None
LEDWIB,1.28149,5.11705,(C14 H16 Ag2 F6 N4 O6 S2)n,4.55808,P21/c,917.987,0.59126,Ag,{'DUMXUG'}
LEQRUV,3.39101,4.82602,(C10 H8 Br8 Hg4 N2)n,4.4807,P21,196.579,0.46608,Hg,{'AFULAP'}
LEZZEX,1.64932,5.54549,(C14 H8 O6 S1 Sr1)n,4.13633,P21/n,247.512,0.38406,Sr,{'XEJVOZ'}
LICXEC,1.49371,4.47146,(C14 H14 Cu1 N8 O2)n,4.03906,P42/n,120.159,0.39678,Cu,"{'CEYPUT', 'PEHQEA', 'ELIKEQ', 'DOSREJ'}"
LIDZOP,1.64984,5.5517,(C14 H8.4 O6.2 S1 Sr1)n,4.1483,P21/n,245.868,0.38376,Sr,{'XEJVOZ'}
LOFVUZ,1.324,6.31228,(C14 H16 Cd1 N2 O8)n,4.05675,P21212,645.946,0.52504,Cd,"{'FECPIM', 'HUXDIN'}"
LOJLAZ,1.78682,6.04161,(C16 H10 Au2 Fe1 N10 O1)n,4.90349,Cmma,691.098,0.56768,Au Fe,{'ATOTIM'}
LOJLAZ01,1.67137,6.41625,(C16 H10 Au2 Fe1 N10 O0.5)n,5.33783,Cmma,763.133,0.5883,Au Fe,{'ATOTIM'}
LOMFEY,1.60622,8.54116,(C16 H12 Cd1 N4 O6)n,7.48832,R-3,290.64,0.39778,Cd,"{'DEYNIG', 'FAZPED', 'WUXBIA', 'LICXEC', 'DIZDAT', 'VANWIS', 'YOTYAJ', 'JUZXAD01', 'NUMZOL', 'VOFYAS', 'LOMFIC', 'BEPNIV', 'RERQEM', 'KAPHOZ', 'FIPWOS'}"
LOMFIC,1.56377,8.71027,(C16 H12 Cd1 N4 O6)n,7.59298,R-3,321.495,0.4216,Cd,"{'WUXBIA', 'FUTYEA', 'RERQEM', 'LOMFEY'}"
LUKGOP,1.24404,5.87349,(C18 H20 Cd1 N4 O5)n,4.00603,P21/n,612.267,0.51402,Cd,"{'ADUROI', 'DOQSAF', 'FAZPED', 'DUMXUG', 'NOQLUC', 'DISRUU', 'FAPTIB', 'SARBOE', 'XILCAX', 'ELIKEQ', 'BARXIC', 'MIJSEF', 'VOFXUL', 'BEPNIV', 'COSMII', 'IBICUT'}"
LUMDIG,1.29448,7.90715,(C12 H10 Cd1 N4 O4)n,4.95438,I41/a,880.351,0.54708,Cd,"{'CEYQIG', 'DUMXUG', 'WUFFOT', 'BOKXOP', 'FINJIX', 'ELIKEQ', 'BEPNIV', 'NILPEF', 'RERQEM', 'PITYUN'}"
LUYHAP,0.662988,10.82906,(C20 H10 Cu2 O10)n,6.30856,R-3m,3343.11,0.75578,Cu,"{'RUBYUK', 'ATOTIM'}"
MADWEU,1.36176,4.74052,(C18 H19 Cl1 Cu1 N1 S2)n,3.82384,P21/n,312.998,0.43562,Cu,{'DOGTOJ'}
MIJSEF,2.35697,4.43256,(C14 H10 Ag1 Eu1 N2 O10)n,4.06133,P-1,158.973,0.34868,Ag Eu,"{'VUNJEU', 'DUMXUG', 'DIZDAT'}"
MIWJOT,1.42007,4.97492,(C18 H12 Cu1 I1 N2 O4)n,3.99749,P21/c,487.026,0.50476,Cu,None
MIYGUX,1.36487,6.46224,(C10 H12 Cu2 N4)n,3.89777,I-43d,497.858,0.54148,Cu,{'ADUROI'}
MOKQIO,1.1518,5.53874,(C18 H18 Ag1 Cl0.5 N4)n,4.75103,C2/c,756.503,0.5463,Ag,"{'NILPEF', 'GUCXAE', 'IBICIH', 'WUDNUG'}"
MUBREI,1.71511,5.75979,(C14 H10 Cd1 O7 S1)n,3.81214,C2/c,201.704,0.40612,Cd,"{'WUXBIA', 'DUMXUG'}"
MUHKIJ,1.40889,4.59568,(C14 H10 Cu1 N8 O1)n,4.01491,Pna21,169.207,0.40392,Cu,"{'FAQBOO', 'FECPIM'}"
NABMUA01,1.21692,5.50508,(C7 H5 Mg1 N1 O5)n,5.37751,P6122,845.025,0.49446,Mg,None
NANYUX01,1.03175,5.75255,(C14 H18 N2 O7 Zn1)n,4.86235,P21/n,1512.35,0.64656,Zn,"{'NANYUX02', 'NANYUX03'}"
NANYUX02,1.02182,5.76746,(C14 H18 N2 O7 Zn1)n,4.8878,P21/n,1552.38,0.64848,Zn,None
NANYUX03,1.04137,5.54429,(C14 H18 N2 O7 Zn1)n,4.75767,P21/n,1470.06,0.63618,Zn,"{'FUTZEB', 'NANYUX02'}"
NARMOK,0.942864,9.45182,(C20 H12 N2 O4 S2 Zn1)n,8.13547,P21/c,1449.55,0.61606,Zn,{'COSMII'}
NEDTUM,1.09087,5.18505,(C17 H14 Ag1 F3 N4 O5 S1)n,4.24545,P21/n,1208.93,0.59262,Ag,{'VOFXUL'}
NEFZOO,1.17458,5.01136,(C12 H6 Cu1 F6 N6 P1)n,4.54108,P43212,1184.18,0.56268,Cu,None
NETXEQ,1.51532,7.13731,(C8 H13 Gd1 N6 O13)n,6.49153,C2/c,972.886,0.56648,Gd,"{'BUKMUQ', 'JECFON'}"
NEVLAD,1.54991,6.3765,(C17 H16 N2 O7 Pb1 S1)n,5.71477,P-1,1082.38,0.59724,Pb,"{'MUBREI', 'WIVKET'}"
NEVVIU,1.45681,6.36622,(C14 H8 Co3 N2 O10)n,5.56467,C2/c,790.292,0.51528,Co,None
NEVVIU01,1.46389,6.30801,(C14 H8 Co3 N2 O10)n,5.69528,C2/c,765.105,0.5157,Co,{'ATOTIM'}
NEVVIU02,1.45754,6.35462,(C14 H8 Co3 N2 O10)n,5.73709,C2/c,777.122,0.5193,Co,{'DOQSAF'}
NILPEF,1.828,6.15142,(C9 H13 B1 Bi1 Cl2 N9 S3)n,4.54891,I41/a,281.847,0.43482,Bi,"{'DOGTOJ', 'GAXKUN', 'BOKXOP', 'PITYUN04', 'PODWIQ', 'MOKQIO', 'NUMVIA', 'MADWEU', 'HUFJAV', 'LUMDIG', 'TEQTAM', 'VIXBEK'}"
NIMTEI,1.05826,5.07064,(C15 H17 Ag1 F3 N5 O3 S1)n,3.85078,P21/c,1076.27,0.59822,Ag,"{'XUNHAQ', 'DUMXUG'}"
NOQLUC,1.20211,5.62359,(C19 H14 Br1 Cu1 N6)n,4.09944,P-1,1005.2,0.5402,Cu,{'ELIKEQ'}
NOSTUM,1.11685,5.65156,(C12 H8 Mg1 N1 O9)n,5.30083,C2/c,990.807,0.53452,Mg,{'LEQRUV'}
NOWHIQ,1.265,5.45295,(C14 H26 Cd1 Cl1 N1 O6 S1)n,4.08854,P212121,653.046,0.53808,Cd,None
NUDLOP,1.19392,6.24477,(C14 H8 Mg3 N2 O10)n,5.59501,C2/c,938.399,0.52626,Mg,{'FUDGOC'}
NUDLOP01,1.19566,6.20964,(C14 H8 Mg3 N2 O10)n,5.49275,C2/c,928.903,0.5279,Mg,"{'FUDGOC', 'ICALOP'}"
NUJWEW,0.819239,5.39842,(C9 H9 Co1 N7 O3)n,4.7077,P21/c,2204.08,0.6798,Co,None
NUMVIA,1.54919,6.34808,(C16 H18 F2 N4 O5 Pb1 S2)n,4.14421,P-1,572.443,0.54714,Pb,"{'LUMDIG', 'ALHSCU', 'LOMFIC', 'WUFFOT'}"
NUMZOL,2.13408,4.43307,(C10 H12 Ag2 N2 O10 S2)n,3.77354,Pbcm,142.809,0.39164,Ag,None
NUXYIP,2.19439,8.4617,(C14 H10 I3 N5 O5 Pb1)n,6.42193,R-3,372.833,0.50416,Pb,"{'OQETEK', 'ATOTIM', 'PITYUN'}"
OCIYUW,1.12245,9.62352,(C5 H6 Ag1 F6 N4 O1 P1)n,7.92379,R-3,1461.69,0.67076,Ag,{'EWIHIC'}
OCUPUY,1.66003,4.43737,(C5 H14 O10 P2 V2)n,4.04819,Immm,309.679,0.44386,V,None
OFUYUL,1.08508,6.57704,(C16 H10 O11 Zn2)n,4.20847,P21/c,1263.08,0.63306,Zn,None
OHAGAH,0.948704,5.37464,(C14 H9 Cu1 N1 O5)n,3.86782,Pbcn,1638.2,0.6346,Cu,"{'ZOZZAR', 'NABMUA01', 'COSMII', 'FAPTIB'}"
OPOBIF,1.69049,6.22482,(C13 H12 N6 O5 Zn2)n,5.33428,R-3,168.852,0.41342,Zn,"{'VOFYAS', 'COSMII', 'WOWNED', 'LUKGOP'}"
OQETEK,1.02517,9.17183,(C15 H9 O7 Yb1)n,8.86311,P43,1798.76,0.67974,Yb,"{'DOQSAF', 'GAXKUN', 'NARMOK', 'KABVOA', 'ICALOP', 'ATOTIM', 'PURQOJ', 'FUDGOC', 'PIHQUU01', 'COSMII', 'KOSJUZ'}"
OSIWOD01,1.9832,4.6048,(C8 H12 Ag2 N6)n,4.04173,C2/c,122.052,0.43722,Ag,"{'HUFHEX', 'OCIYUW'}"
OVICUS,1.52853,5.87104,(C12 H8 N2 O5 S2 Zn1)n,5.25131,C2/c,444.013,0.4434,Zn,None
OWITAQ,0.655873,7.59357,(C18 H6 O12 Zn2 2-)n,5.35845,Ia-3d,4752.93,0.77136,Zn,{'OWITIY'}
OWITIY,0.594976,7.65948,(C18 H6 Mn2 O12 2-)n,5.80414,I41/acd,5114.66,0.77446,Mn,"{'ATOTIM', 'ECOLEP', 'FUDGOC', 'HAWMAT'}"
OWITUK,0.643698,7.56108,(C18 H6 Fe2 O12 2-)n,5.31741,Ia-3d,4875.38,0.76632,Fe,{'FUDGOC'}
OWIVAS,0.660401,7.56218,(C18 H6 O12 Zn2 2-)n,5.33916,Ia-3d,4726.22,0.77332,Zn,{'OWITIY'}
PANDOX,0.927222,6.14757,C22 Ag4 N4 O12 P6,5.10294,P1,1746.52,0.69504,Ag,"{'OQETEK', 'XICNOO', 'HUXDIN'}"
PARKUQ01,1.17133,6.67552,(C15 H20 Cd1 N2 O7)n,5.18428,P21/n,1403.59,0.64578,Cd,{'CUMLUT'}
PASFAS,2.19792,4.53524,(C12 H6 Cu4 N4 O9)n,4.26542,C2/c,124.548,0.3811,Cu,{'PASFEW'}
PASFEW,2.18522,4.53779,(C12 H4 Cu4 N4 O8)n,4.00052,C2/c,130.054,0.38522,Cu,None
PASFIA,2.19632,4.55525,(C12 H6 Cu4 N4 O9)n,4.25501,C2/c,125.1,0.38246,Cu,{'PASFEW'}
PAVRIO,1.35677,5.35953,(C15 H18 Cl2 N4 O3 Zn1)n,5.18025,Pnna,431.848,0.46074,Zn,{'WUFFOT'}
PEHQAW,1.57174,6.46627,(C12 H16 Na1 O12 Sm1)n,5.11385,P4/ncc,316.593,0.42628,Sm,{'IBICUT'}
PEHQEA,1.58514,6.48518,(C12 H16 Eu1 Na1 O12)n,5.13365,P4/ncc,309.547,0.4272,Eu,{'IBICUT'}
PEPLEC,1.03011,7.22892,(C14 H11 N1 O5 V1)n,6.8094,P212121,1396.69,0.62032,V,{'DUGFAO'}
PIHQUU01,1.18315,4.77438,(C11 H11 N4 O4 P1 Zn1)n,4.31262,Pbca,660.161,0.55226,Zn,"{'OQETEK', 'HUXDIN', 'ICALOP', 'ZOZZAR', 'BEPNIV'}"
PIHREF,1.17705,4.78401,(C14 H20 N5 O6 P1 Zn1)n,4.43914,Pbca,670.374,0.55616,Zn,"{'NUJWEW', 'CEYPUT', 'UTUQAC', 'YEZFIU', 'BEPNIV', 'RERQEM', 'AJIJIN', 'FIPWOS', 'TITBIJ'}"
PITYUN,1.76002,6.21104,(C12 Ag3 F18 N9)n,5.46401,I-42d,764.725,0.55798,Ag,"{'PITYUN02', 'PITYUN01', 'HUXDIN', 'COSMII', 'PITYUN04', 'ATOTIM'}"
PITYUN01,1.66594,6.7313,(C12 Ag3 F18 N9)n,6.0859,I-42d,760.577,0.58554,Ag,{'PITYUN'}
PITYUN02,1.76458,6.19253,(C12 Ag3 F18 N9)n,5.44322,I-42d,761.474,0.55612,Ag,"{'PITYUN01', 'PITYUN04', 'PITYUN'}"
PITYUN04,1.77601,6.07068,(C12 Ag3 F18 N9)n,5.33043,I-42d,754.356,0.54706,Ag,{'DEYNIG'}
PODWIQ,2.2655,6.85776,(C12 H15 Cu2 I2 N7)n,3.81369,R-3,90.1897,0.37748,Cu,"{'DEYNIG', 'YAKJUR', 'TEQTAM', 'NUXYIP', 'NILPEF'}"
POJNIM,1.05545,6.09773,(C10 H10 Co1 K1 O12 1-)n,5.90648,C2/c,1400.6,0.61116,Co,{'VOFYAS'}
POKBOH,1.19747,4.9316,(C13 H15 Ag1 F6 N3 O2 P1)n,3.80211,P43,534.295,0.56244,Ag,"{'EBEMOO', 'POKBOH01'}"
POKBOH01,1.1979,4.92263,(C13 H15 Ag1 F6 N3 O2 P1)n,3.81229,P41,518.027,0.56376,Ag,"{'MADWEU', 'POKBOH', 'XAJWIQ'}"
PUBDUN,1.4072,4.46218,(C14 H13 Mn1 N1 O8)n,4.0628,C2/c,366.999,0.43168,Mn,"{'DOQSAF', 'GUCXAE', 'GECXUH01'}"
PUQDIQ,0.919597,5.90452,(C13 H10 Ag1 F6 N2 S1 Sb1)n,4.16026,P21/c,2356.99,0.71996,Ag,{'DUMJAY'}
PUQXUV,1.53006,5.37897,(C17 H10 F6 O5 Zn1)n,5.08858,P6222,121.42,0.45902,Zn,{'PITYUN'}
PUQYAC,1.58523,5.3761,(C17 H10 F6 O5 Zn1)n,5.0812,P6422,114.754,0.45802,Zn,{'PITYUN'}
PURQOJ,0.847078,11.3135,(C10 H5 Cu1 N3 O4)n,6.84577,P4332,2385.12,0.69446,Cu,"{'PITYUN02', 'XIJNUA', 'SIXFIQ', 'ICALOP'}"
PYDCUO01,2.58559,5.63258,(C7 H5 N1 O7 U1)n,5.48295,P61,200.44,0.40298,U,{'PITYUN'}
PYDCUO02,2.56328,5.67392,(C7 H5 N1 O7 U1)n,5.51751,P65,201.252,0.40982,U,{'PITYUN'}
QATPUX,2.18504,4.24654,(C8 H2 Co3 O10)n,4.03482,C2/m,166.586,0.37856,Co,None
QIXGUZ,0.789264,7.74795,(C20 H16 Cu2 N6)n,6.83604,Pca21,2416.32,0.68608,Cu,{'DEYNIG'}
QOLWIZ,1.18404,6.40144,(C22 H18 N4 O6 Zn1)n,5.96827,Pna21,752.015,0.50148,Zn,None
QOVDEL,1.46341,9.75102,(C6 H16 N2 Ni2 O8 P2)n,9.16158,R-3,725.767,0.51736,Ni,None
QQQDMP01,1.04487,4.42547,(C4 H14 Co1 N2 O12 S1 2+)n,3.90259,C2/c,832.179,0.5863,Co,None
QUCFIF,1.32073,5.39602,(C14 H9 Al1 O7 S1)n,4.96277,Pnma,385.255,0.45866,Al,None
QUQPIC,0.838148,5.9697,(C24 H14 Cd1 N6)n,4.20001,P21/c,2521.05,0.65198,Cd,None
QUQPOI,0.773869,6.66696,(C24 H14 N6 Zn1)n,4.34012,P2/m,2535.39,0.65136,Zn,None
QUQQUP,1.10374,4.68955,(C22 H14 Mn1 N6)n,4.10008,C2/m,452.443,0.48424,Mn,{'MUHKIJ'}
REGJIW,2.18549,4.21415,(C8 H6 Co3 O12)n,4.02362,C2/m,134.404,0.37574,Co,{'QATPUX'}
REGJIW01,2.19607,4.18957,(C8 H6 Co3 O12)n,3.97032,C2/m,137.875,0.3731,Co,{'QATPUX'}
REGXOS,0.922216,19.50731,(C6 H4 Co1 N6 O4)n,7.12452,Im-3m,1527.75,0.6644,Co,None
RENNII,1.29497,4.80567,(C13 H12 Ag1 F3 N4 O3 S1)n,4.15217,P21/c,620.454,0.50964,Ag,{'FIFNUE'}
RENNOO,1.18261,5.29777,(C12 H12 Ag1 F6 N4 P1)n,4.43544,P2/c,1383.96,0.5888,Ag,{'DISRUU'}
RERQEM,1.21298,5.69056,(C18 H18 Ag1 N5 O3)n,4.45966,P21/c,731.493,0.5165,Ag,"{'DEYNIG', 'LOMFEY', 'FAZPED', 'LOMFIC', 'WUFFOT', 'TINCOJ', 'WOWNED', 'OCIYUW', 'YIXZAI', 'IBICIH', 'FOFPEX', 'TEQTAM', 'DEZKAW', 'ELIKEQ', 'DARYEB', 'PITYUN04', 'TITBIJ'}"
RIGWIP,2.25257,5.39694,(C12 H8 Eu2 N4 O10.13)n,5.17328,P21/c,281.483,0.40912,Eu,None
RIWBOP,1.06077,8.7074,(C19 H18 Cu1 N4 O4)n,4.85154,I41/a,1166.9,0.55382,Cu,"{'PIHQUU01', 'FAPTIB'}"
RUBYUK,0.504036,15.8407,C18 O6 Zr2,9.06958,I-4,4053.08,0.80982,Zr,"{'ATOTIM', 'XICNOO01'}"
RUHFIL,1.12607,8.30414,C10.98 Ce1 Cu7 O28 S0.99,5.83251,P213,2371.55,0.7038,Ce Cu,{'FUDGOC'}
RUHFUX,1.15107,8.19354,C10.98 Cu3 Nd3 O26 S0.99,5.87678,P213,2309.57,0.69416,Cu Nd,None
SADMOB,1.12118,6.04293,(C13 H10 Fe1 N1 O5)n,5.84624,C2/c,1080.54,0.59132,Fe,None
SAMLAV01,1.23375,6.02989,(C12 H7 Cd1 N3 O6)n,4.22373,P21/c,860.743,0.57316,Cd,None
SAMLAV02,1.19854,6.38849,(C12 H7 Cd1 N3 O6)n,4.58117,P21/c,1102.19,0.58826,Cd,{'SAMLAV01'}
SAMLAV03,1.19858,6.36899,(C12 H7 Cd1 N3 O6)n,4.59516,Pbam,1121.92,0.59546,Cd,{'ATOTIM'}
SAQYEO01,1.48904,4.57002,(C8 H14 Cd1 O9)n,4.08197,Pcca,340.563,0.50664,Cd,None
SARBOE,1.20269,5.05177,(C12 H10 N4 O4 Zn1)n,3.83801,P21212,584.449,0.54018,Zn,{'GALBUS'}
SETQAL,1.31307,4.42679,(C16 H15 Fe1 O5)n,4.26632,Cc,590.41,0.52602,Fe,{'DUGFAO'}
SETQEP,1.29869,4.49444,(C16 H15 Fe1 O5)n,4.34625,Cc,667.231,0.5303,Fe,None
SETQIT,1.31505,4.41727,(C16 H15 Fe1 O5)n,4.22902,Cc,557.106,0.52672,Fe,{'SETQEP'}
SIKGEA,0.872213,4.71118,(C8 H8 Cu1 N4 1+)n,4.39136,P3112,2409.51,0.66932,Cu,{'DIDBID'}
SINKOR,1.29143,5.89357,(C10 H23 N2 Ni1 O9.57 P1)n,4.33586,C2,443.969,0.47632,Ni,{'VICNUR'}
SINKUX,1.24388,5.75881,(C10 H25 Co1 N2 O11 P1)n,4.60888,C2,488.83,0.49392,Co,{'VOFYAS'}
SIVGOV,1.11955,5.24396,(C9 H15 N9 O1 Zn1)n,4.0676,Cc,1098.74,0.60512,Zn,{'BUKMUQ01'}
SIXFIQ,0.58944,8.71902,(C24 H14 Cu1 N2 O4)n,6.83328,P21/c,4053.19,0.75098,Cu,"{'CORZOA', 'COSMII', 'SIXFIQ01'}"
SIXFIQ01,0.512153,9.82923,(C24 H14 Cu1 N2 O4)n,7.40782,P21/c,4319.32,0.78316,Cu,{'CORZOA'}
SOKKUZ,1.05966,6.70484,(C14 H12 In1 N1 O8 S2)n,6.32665,P4122,1859.2,0.64806,In,{'ICALOP'}
SOMFEG,1.05531,6.71551,(C14 H12 In1 N1 O8 S2)n,6.34258,P4122,1880.09,0.6487,In,{'FUDGOC'}
SOWCOY01,1.06916,4.93273,(C10 H5 N3 O4 Zn1)n,3.95878,P21/c,1183.12,0.61448,Zn,{'OHAGAH'}
SUGVUM,1.10641,5.79845,(C20 H18 Cu1 N4 O6)n,4.06775,I41/a,831.08,0.53798,Cu,None
TAMHUM,0.82433,11.15569,(C11 H14 Ag1 Cl1 N4 O5 S1)n,7.259,R-3,2211.62,0.72028,Ag,"{'HUFHEX', 'TAMJEY', 'HUXDIN'}"
TAMJEY,0.861626,10.68697,(C12 H14 Ag1 Cl1 N4 O5)n,7.41911,R-3,2072.98,0.70948,Ag,"{'HUFHEX', 'HUXDIN'}"
TEPGUS,1.29312,4.96812,(C11 H9 N7 O2 Zn1)n,3.87866,Pna21,462.868,0.5069,Zn,"{'RIGWIP', 'DOQSAF', 'FAPTIB', 'BEPMAM'}"
TEQTAM,1.26357,6.97253,(C20 H14 Cd1 N4 O4 S2)n,5.81739,P21/c,820.155,0.52428,Cd,"{'OFUYUL', 'GUCXAE', 'COSMII'}"
TINCOJ,1.33852,5.96616,(C8 H17 Ca1 N1 O10)n,4.38734,R-3,318.26,0.41026,Ca,"{'RERQEM', 'FINJIX'}"
TITBIJ,1.24682,5.71278,(C13 H14 N6 O3 Zn1)n,4.77629,Pccn,949.461,0.53708,Zn,None
TIVTAU,0.898576,5.33335,(C7 H13 Cu1 F6 N5 O11 S2)n,4.37009,P21/c,1581.93,0.67156,Cu,{'LUMDIG'}
TUPDIT,1.31666,4.83614,(C18 H12 Cu1 N6 O4)n,4.36197,Pnna,420.122,0.47042,Cu,"{'PIHQUU01', 'TUPDIT01'}"
TUPDIT01,1.30952,4.83863,(C18 H12 Cu1 N6 O4)n,4.37825,Pnna,409.147,0.4697,Cu,{'ZOZZAR'}
TUYQAH,2.68212,6.29339,(C14 H14 Br4 Hg2 N2 O4)n,4.46522,P-1,389.135,0.55224,Hg,{'LEQRUV'}
URIPIV,1.36626,4.88937,(C14 H8 Cu1 N8)n,4.30549,Pna21,249.35,0.42522,Cu,"{'SUGVUM', 'VACFUB'}"
UTUQAC,1.00842,4.32089,(C14 H14 Ca1 Cl2 O7)n,3.84384,P21/a,494.499,0.56382,Ca,{'RERQEM'}
VACFUB,1.14979,8.48093,(C12 H12 N2 O6 Zn1)n,8.31325,P31,877.244,0.55114,Zn,"{'LEQRUV', 'OVICUS'}"
VAHVOR,1.2322,5.634,(C15 H11 Dy1 N2 O8)n,4.09179,C2/c,964.944,0.59486,Dy,{'OQETEK'}
VANWIS,1.51623,4.92312,(C12 H16 Cu1 N10 O7)n,3.88049,C2/c,249.197,0.42302,Cu,{'LOMFEY'}
VAVKEK,1.35643,4.68218,(C16 H20 N4 O7 Zn1)n,4.05119,P21/c,277.857,0.43572,Zn,"{'TEPGUS', 'FAZPED'}"
VICNUR,1.29024,5.7316,(C12 H18 Co1 N6 O12)n,5.03957,C2/c,678.33,0.48912,Co,None
VIMRAM,1.16338,9.3488,(C14 H9 Cu2 O13 S2)n,5.16711,P4/n,1280.22,0.61062,Cu,"{'VAHVOR', 'HOYQIX'}"
VISCAB,1.29816,4.97775,(C8 H14 Cu1 N3 O6)n,4.53937,P21,454.989,0.49008,Cu,None
VIXBEK,2.19404,4.7207,(C10 H8 Cu2 I2 N2 S3)n,4.0828,C2/c,202.055,0.4404,Cu,None
VOFXUL,1.56771,7.28872,(C16 H14 Ag2 N8 O6)n,6.94897,Pnna,553.617,0.4756,Ag,"{'LUMDIG', 'DOQSAF', 'ELIKEQ', 'TINCOJ'}"
VOFYAS,1.23949,4.78737,(C12 H18 Cu2 N6 O8 S1)n,4.6085,C2/c,405.613,0.54922,Cu,"{'GUCXAE', 'FAZPED', 'WOWNED'}"
VOMSEW01,1.82449,9.9895,(C18 H16 I3 N3 O7 Zn1)n,7.84364,P4/n,479.673,0.5052,Zn,{'VOMSEW03'}
VOMSEW03,1.81654,9.99028,(C18 H16 I3 N3 O7 Zn1)n,7.67576,P4/n,489.24,0.51106,Zn,"{'VOMSEW04', 'VOMSEW01'}"
VOMSEW04,1.82075,9.77671,(C18 H16 I3 N3 O7 Zn1)n,7.50773,P4/n,474.131,0.5085,Zn,"{'VOMSEW03', 'VOMSEW01'}"
VUJLET,0.83597,7.31308,(C16 H6 In1 O8)n,5.89781,Pnma,2590.03,0.71266,In,"{'ATOTIM', 'HIHNUJ'}"
VUKFEN,0.649942,6.18033,(C14 H23 Co1 N4 O9 1+)n,4.71696,P6422,4297.48,0.71856,Co,None
VUNJEU,1.41526,5.84357,(C20 H18 Cd1 N2 O6)n,4.04497,C2/c,429.629,0.44598,Cd,"{'FAZPED', 'LUKGOP', 'WOWNED', 'FIFNUE', 'VOFYAS', 'ZAWVEA', 'ELIKEQ', 'AFEBAQ', 'RERQEM'}"
WAGDEP,1.74723,5.40856,(C18 H14 N2 O8 P2 U1)n,4.46272,P-1,959.667,0.6024,U,None
WAJGAQ,1.11671,5.14288,(C18 H20 N2 O8 Zn1)n,3.98414,P21/n,810.614,0.5283,Zn,{'KALGOV'}
WAJHUM,1.23474,7.48377,(C9 H3 Li1 O6 Zn1)n,7.27426,P41212,1029.99,0.55826,Li Zn,{'WAJJAU'}
WAJJAU,1.23284,7.48074,(C9 H3 Li1 O6 Zn1)n,7.26506,P43212,1005.32,0.55714,Li Zn,{'WAJHUM'}
WAJJEY01,1.23129,7.48165,(C9 H3 Li1 O6 Zn1)n,7.26608,P41212,1038.47,0.55824,Li Zn,"{'WAJJAU', 'WAJHUM'}"
WAJJOI,1.23388,7.48538,(C9 H3 Li1 O6 Zn1)n,7.26007,P41212,1029.96,0.55834,Li Zn,{'WAJJAU'}
WAJJOI01,1.23388,7.48293,(C9 H3 Li1 O6 Zn1)n,7.24972,P41212,1032.67,0.55852,Li Zn,{'WAJJAU'}
WESYOJ,1.25984,4.83817,(C12 H16 Cu1 N10 O10)n,4.17581,Cc,495.28,0.49014,Cu,None
WESZIE,0.894294,7.7545,(C16 H14 Ag1 F6 N5 O4 S2)n,5.71325,P21/c,2188.7,0.66402,Ag,{'IDUPEC'}
WEYPUN,1.09749,4.69435,(C16 H16 Mn1 N2 O6)n,4.11355,Pbca,1164.7,0.59156,Mn,{'XAPSIS'}
WISTID,1.57043,5.36318,(C16 H8 O9 Zn2)n,3.73475,P-1,410.247,0.46926,Zn,"{'BEPMAM', 'DOQSAF'}"
WITKOB,1.11065,5.75999,(C24 H15 Ag1 N3 O6 1+)n,4.62941,C2/c,1040.79,0.56632,Ag,None
WIVKET,1.77721,5.07697,(C11 H22 N2 O8 P2 U1)n,3.98028,P-1,882.121,0.6192,U,None
WOBFEA,1.01987,5.80902,(C16 H2 N2 O13 Zn2 2-)n,4.78239,Cmca,2757.27,0.7026,Zn,{'QQQDMP01'}
WOBHOM,1.18224,5.2683,(C12 H11 N1 O9 Zn2)n,3.88702,P212121,729.664,0.59878,Zn,None
WOWNED,1.41166,6.39935,(C17 H11 N5 Ni1 O4 S1)n,5.47406,C2/c,504.958,0.43066,Ni,"{'LUKGOP', 'OPOBIF', 'IBICIH', 'OFUYUL', 'SARBOE', 'BEPNIV', 'COSMII'}"
WUDNUG,0.883941,7.30069,(C16 H18 Cl2 Cu2 N6 O5)n,6.05714,P21/c,2102.65,0.67762,Cu,None
WUFFOT,2.12201,5.06953,(C14 H8 N6 O4 Pb1)n,4.54207,P-1,186.886,0.36978,Pb,"{'MIYGUX', 'IDUPEC', 'LOMFEY', 'XEFKIC', 'LUMDIG', 'RERQEM'}"
WUXBIA,0.899032,7.17554,(C9 H14 Ag1 N3 O5)n,6.80139,P-1,2134.85,0.76122,Ag,{'LOMFEY'}
XAJWIQ,1.24393,5.1943,(C14 H12 Ag1 F3 N2 O2)n,3.86589,Pbca,584.719,0.54706,Ag,None
XAPSIS,1.01967,5.36479,(C16 H18 Co1 N2 O7)n,4.38839,P21/n,1538.97,0.61954,Co,"{'WEYPUN', 'ZUDQUM'}"
XEFKIC,1.22355,4.51618,(C11 H14 Ag1 N5 O5)n,3.80145,P-1,295.865,0.57528,Ag,None
XEJVOZ,2.25504,5.03785,(C10 H4 N4 O8 Sr2)n,4.69979,R3c,118.794,0.28416,Sr,"{'TAMJEY', 'ELIKEQ', 'LEDWIB'}"
XEMPEK,1.70685,4.45741,(C10 H16 Gd1 N1 O14)n,3.83183,P21/c,181.063,0.43316,Gd,{'CUQKIK'}
XEMPIO,1.70772,4.49252,(C10 H16 N1 O14 Tb1)n,3.8458,P21/c,181.784,0.43412,Tb,"{'CUQKIK', 'XEMPEK', 'MUBREI'}"
XICDUI,0.942894,5.95056,(C18 H12 B1 Cl3 Cu1 F4 N5)n,4.99085,Pbca,1161.42,0.59976,Cu,{'URIPIV'}
XICLAY,1.43563,10.56755,(C20 H16 Cu1 I4 N4 Pb1)n,9.92339,P21/c,1307.77,0.82186,Cu Pb,{'MIWJOT'}
XICNOO,0.988559,17.02312,(C12 H4 O16 S2 Zr3)n,6.71557,Fm-3m,1779.63,0.71426,Zr,"{'FUDGOC', 'XICNOO01'}"
XICNOO01,0.99465,16.97321,(C12 H4 O16 S2 Zr3)n,6.86188,Fm-3m,1766.19,0.7135,Zr,{'FUDGOC'}
XIJNUA,0.764109,16.09944,C14 Cd14 S22,15.59763,P6222,1940.06,0.82142,Cd1,"{'PITYUN02', 'PITYUN01', 'RUBYUK', 'ICALOP', 'PURQOJ', 'ZECKID', 'PITYUN'}"
XILCAX,1.36006,4.57832,(C18 H18 Cu1 N2 O6)n,4.07293,P212121,245.198,0.41132,Cu,None
XUNHAQ,1.01112,4.44876,(C17 H17 Li2 N3 O5)n,3.93458,P21,799.238,0.49566,Li,None
XUTGEA,1.43702,4.97225,(C16 H12 Mn1 N10 O4)n,4.60686,C2/c,303.104,0.41822,Mn,{'RERQEM'}
YAKJUR,1.95096,4.4926,(C18 H19 Cu2 I2 N5 O1)n,3.75878,C2/c,237.931,0.47424,Cu,{'LAGVAS'}
YEMJAC,1.66137,6.11848,(C9 H5 Dy1 O7)n,5.58744,P4322,697.903,0.53972,Dy,None
YEYVII,1.59431,6.30705,(C10 H12 Ag2 N4)n,3.74817,I-43d,446.987,0.54284,Ag,"{'TUYQAH', 'OSIWOD01'}"
YEZFIU,1.15877,7.76133,(C9 H19 N9 O2.92 Zn1)n,3.87236,R-3,1096.65,0.58722,Zn,None
YIDYAM,1.40654,4.22801,(C11 H15 N3 Ni1 O6)n,3.75032,P21/c,223.892,0.44428,Ni,{'WUXBIA'}
YIKJUZ,1.25419,8.98552,(C8 H8 Ag2 Cl1 N12 O4 1+)n,4.23883,Fd-3c,1079.64,0.64182,Ag,{'RIWBOP'}
YIRFAI,1.74602,5.64558,(C14 H18 B1 Bi1 Cl2 N4 O2.19 S2)n,5.2429,P21/c,417.38,0.45174,Bi,{'NILPEF'}
YIXYUB,1.64643,7.99791,(C9 H8 Cd1 N3 O3.5)n,7.36047,P42/n,503.264,0.47064,Cd,{'PARKUQ01'}
YIXZAI,1.6586,7.93236,(C9 H7 Cd1 N3 O3)n,7.27239,P42/n,500.282,0.46456,Cd,{'DEYNIG'}
YOTYAJ,1.05709,5.72586,(C16 H12 Ga2 N2 O16)n,5.02257,P21/c,1670.71,0.62822,,{'TINCOJ'}
YOZBUL,1.07643,12.16892,(C12 H8 Cl4 N10 O5 Zn2)n,10.28856,P63/mmc,1230.53,0.64046,Zn,"{'GITVIP01', 'REGXOS'}"
YOZBUL01,1.07643,12.18733,(C12 H6 Cl4 N10 O4 Zn2)n,10.30708,P63/mmc,1219.18,0.64168,Zn,"{'LUYHAP', 'YOZBUL'}"
ZAWVEA,2.32073,4.47834,(C14 H10 Ag1 N2 O10 Sm1)n,4.07544,P-1,158.08,0.35386,Ag Sm,{'MIJSEF'}
ZECKID,0.651485,9.65123,(C12 H14 Cu2 N4 O5)n,7.54501,I41md,3251.14,0.76868,Cu,None
ZIDPEH,1.15406,5.65053,(C15 H19 Ag1 F3 N1 O3 S4)n,3.76428,P21/c,882.801,0.57182,Ag,{'DOGTOJ'}
ZIVDIT01,1.61324,5.4195,(C6 H4 Cu1 N5)n,4.66906,P21/c,349.334,0.45028,Cu,{'WUFFOT'}
ZOZZAR,1.52696,5.40132,C10 H6 Cu8 N16 O10,4.22172,C2/c,673.932,0.5336,Cu,"{'PIHQUU01', 'NOQLUC', 'COSMII', 'OHAGAH'}"
ZUDQUM,1.09047,5.81277,(C15 H17 Mn1 N2 O7 1-)n,5.42911,C2/c,1229.98,0.58546,Mn,{'XAPSIS'}
